x,y,z,yaw,velocity,change_flag
-8.6203,52.1309,-1.1133,-1.8429,30.0000,0
-8.8891,51.1679,-1.1324,-1.8429,30.0000,0
-9.1578,50.2049,-1.1514,-1.8429,30.0000,0
-9.4265,49.2419,-1.1705,-1.8429,30.0000,0
-9.6952,48.2788,-1.1895,-1.8429,30.0000,0
-9.9640,47.3158,-1.2086,-1.8429,30.0000,0
-10.2327,46.3528,-1.2276,-1.8429,30.0000,0
-10.5014,45.3897,-1.2466,-1.8429,30.0000,0
-10.7701,44.4267,-1.2657,-1.8429,30.0000,0
-11.0389,43.4637,-1.2847,-1.8429,30.0000,0
-11.3076,42.5007,-1.3038,-1.8429,30.0000,0
-11.5763,41.5376,-1.3228,-1.8429,30.0000,0
-11.8450,40.5746,-1.3419,-1.8429,30.0000,0
-12.1138,39.6116,-1.3609,-1.8429,30.0000,0
-12.3825,38.6485,-1.3800,-1.8429,30.0000,0
-12.6512,37.6855,-1.3990,-1.8429,30.0000,0
-12.9199,36.7225,-1.4181,-1.8429,30.0000,0
-13.1887,35.7595,-1.4371,-1.8429,30.0000,0
-13.4574,34.7964,-1.4561,-1.8429,30.0000,0
-13.7261,33.8334,-1.4752,-1.8429,30.0000,0
-13.9948,32.8704,-1.4942,-1.8429,30.0000,0
-14.2636,31.9073,-1.5133,-1.8429,30.0000,0
-14.5323,30.9443,-1.5323,-1.8429,30.0000,0
-14.8010,29.9813,-1.5514,-1.8429,30.0000,0
-15.0697,29.0183,-1.5704,-1.8429,30.0000,0
-15.3384,28.0552,-1.5895,-1.8429,30.0000,0
-15.6072,27.0922,-1.6085,-1.8429,30.0000,0
-15.8759,26.1292,-1.6276,-1.8429,30.0000,0
-16.1446,25.1661,-1.6466,-1.8429,30.0000,0
-16.4133,24.2031,-1.6657,-1.8429,30.0000,0
-16.6821,23.2401,-1.6847,-1.8429,30.0000,0
-16.9508,22.2770,-1.7037,-1.8429,30.0000,0
-17.2195,21.3140,-1.7228,-1.8429,30.0000,0
-17.4882,20.3510,-1.7418,-1.8429,30.0000,0
-17.7570,19.3880,-1.7609,-1.8429,30.0000,0
-18.0257,18.4249,-1.7799,-1.8429,30.0000,0
-18.2944,17.4619,-1.7990,-1.8429,30.0000,0
-18.5631,16.4989,-1.8180,-1.8429,30.0000,0
-18.8319,15.5358,-1.8371,-1.8429,30.0000,0
-19.1006,14.5728,-1.8561,-1.8429,30.0000,0
-19.3693,13.6098,-1.8752,-1.8429,30.0000,0
-19.6380,12.6468,-1.8942,-1.8429,30.0000,0
-19.9068,11.6837,-1.9132,-1.8429,30.0000,0
-20.1755,10.7207,-1.9323,-1.8429,30.0000,0
-20.4442,9.7577,-1.9513,-1.8429,30.0000,0
-20.7129,8.7946,-1.9704,-1.8429,30.0000,0
-20.9817,7.8316,-1.9894,-1.8429,30.0000,0
-21.2504,6.8686,-2.0085,-1.8429,30.0000,0
-21.5191,5.9056,-2.0275,-1.8429,30.0000,0
-21.7878,4.9425,-2.0466,-1.8429,30.0000,0
-22.0565,3.9795,-2.0656,-1.8429,30.0000,0
-22.3253,3.0165,-2.0847,-1.8429,30.0000,0
-22.5940,2.0534,-2.1037,-1.8429,30.0000,0
-22.8627,1.0904,-2.1228,-1.8429,30.0000,0
-23.1314,0.1274,-2.1418,-1.8429,30.0000,0
-23.4002,-0.8356,-2.1608,-1.8429,30.0000,0
-23.6689,-1.7987,-2.1799,-1.8429,30.0000,0
-23.9376,-2.7617,-2.1989,-1.8429,30.0000,0
-24.2063,-3.7247,-2.2180,-1.8429,30.0000,0
-24.4751,-4.6878,-2.2370,-1.8429,30.0000,0
-24.7438,-5.6508,-2.2561,-1.8429,30.0000,0
-25.0125,-6.6138,-2.2751,-1.8429,30.0000,0
-25.2812,-7.5768,-2.2942,-1.8429,30.0000,0
-25.5500,-8.5399,-2.3132,-1.8429,30.0000,0
-25.8187,-9.5029,-2.3323,-1.8429,30.0000,0
-26.0874,-10.4659,-2.3513,-1.8429,30.0000,0
-26.3561,-11.4290,-2.3703,-1.8429,30.0000,0
-26.6249,-12.3920,-2.3894,-1.8429,30.0000,0
-26.8936,-13.3550,-2.4084,-1.8429,30.0000,0
-27.1623,-14.3181,-2.4275,-1.8429,30.0000,0
-27.4310,-15.2811,-2.4465,-1.8429,30.0000,0
-27.6998,-16.2441,-2.4656,-1.8429,30.0000,0
-27.7696,-16.4943,-2.4705,-1.8144,30.0000,0
-28.0107,-17.4646,-2.4888,-1.8144,30.0000,0
-28.2519,-18.4349,-2.5072,-1.8144,30.0000,0
-28.4931,-19.4052,-2.5255,-1.8144,30.0000,0
-28.7343,-20.3755,-2.5438,-1.8144,30.0000,0
-28.9754,-21.3458,-2.5621,-1.8144,30.0000,0
-29.2166,-22.3161,-2.5804,-1.8144,30.0000,0
-29.4578,-23.2864,-2.5987,-1.8144,30.0000,0
-29.6990,-24.2568,-2.6170,-1.8144,30.0000,0
-29.9401,-25.2271,-2.6354,-1.8144,30.0000,0
-30.1813,-26.1974,-2.6537,-1.8144,30.0000,0
-30.4225,-27.1677,-2.6720,-1.8144,30.0000,0
-30.6637,-28.1380,-2.6903,-1.8144,30.0000,0
-30.9048,-29.1083,-2.7086,-1.8144,30.0000,0
-31.1460,-30.0786,-2.7269,-1.8144,30.0000,0
-31.3872,-31.0489,-2.7452,-1.8144,30.0000,0
-31.6284,-32.0192,-2.7635,-1.8144,30.0000,0
-31.8696,-32.9895,-2.7819,-1.8144,30.0000,0
-32.1107,-33.9598,-2.8002,-1.8144,30.0000,0
-32.3519,-34.9301,-2.8185,-1.8144,30.0000,0
-32.5931,-35.9005,-2.8368,-1.8144,30.0000,0
-32.8343,-36.8708,-2.8551,-1.8144,30.0000,0
-33.0754,-37.8411,-2.8734,-1.8144,30.0000,0
-33.3166,-38.8114,-2.8917,-1.8144,30.0000,0
-33.5578,-39.7817,-2.9101,-1.8144,30.0000,0
-33.7990,-40.7520,-2.9284,-1.8144,30.0000,0
-34.0401,-41.7223,-2.9467,-1.8144,30.0000,0
-34.1213,-42.0489,-2.9529,-1.5709,30.0000,0
-34.1214,-43.0488,-2.9644,-1.5709,30.0000,0
-34.1216,-44.0488,-2.9759,-1.5709,30.0000,0
-34.1217,-45.0487,-2.9874,-1.5709,30.0000,0
-34.1218,-46.0486,-2.9990,-1.5709,30.0000,0
-34.1220,-47.0486,-3.0105,-1.5709,30.0000,0
-34.1221,-48.0485,-3.0220,-1.5709,30.0000,0
-34.1222,-49.0484,-3.0336,-1.5709,30.0000,0
-34.1223,-50.0484,-3.0451,-1.5709,30.0000,0
-34.1225,-51.0483,-3.0566,-1.5709,30.0000,0
-34.1226,-52.0482,-3.0682,-1.5709,30.0000,0
-34.1227,-53.0482,-3.0797,-1.5709,30.0000,0
-34.1228,-53.4717,-3.0846,-1.8184,30.0000,0
-34.3679,-54.4410,-3.0999,-1.8184,30.0000,0
-34.6129,-55.4104,-3.1153,-1.8184,30.0000,0
-34.8580,-56.3798,-3.1306,-1.8184,30.0000,0
-35.1030,-57.3492,-3.1460,-1.8184,30.0000,0
-35.3481,-58.3186,-3.1613,-1.8184,30.0000,0
-35.5932,-59.2880,-3.1767,-1.8184,30.0000,0
-35.8382,-60.2574,-3.1920,-1.8184,30.0000,0
-36.0833,-61.2267,-3.2074,-1.8184,30.0000,0
-36.3284,-62.1961,-3.2227,-1.8184,30.0000,0
-36.5734,-63.1655,-3.2381,-1.8184,30.0000,0
-36.8185,-64.1349,-3.2534,-1.8184,30.0000,0
-37.0636,-65.1043,-3.2688,-1.8184,30.0000,0
-37.3086,-66.0737,-3.2842,-1.8184,30.0000,0
-37.5537,-67.0431,-3.2995,-1.8184,30.0000,0
-37.7988,-68.0124,-3.3149,-1.8184,30.0000,0
-38.0438,-68.9818,-3.3302,-1.8184,30.0000,0
-38.2889,-69.9512,-3.3456,-1.8184,30.0000,0
-38.5340,-70.9206,-3.3609,-1.8184,30.0000,0
-38.7790,-71.8900,-3.3763,-1.8184,30.0000,0
-39.0241,-72.8594,-3.3916,-1.8184,30.0000,0
-39.2692,-73.8287,-3.4070,-1.8184,30.0000,0
-39.5142,-74.7981,-3.4223,-1.8184,30.0000,0
-39.7593,-75.7675,-3.4377,-1.8184,30.0000,0
-40.0044,-76.7369,-3.4530,-1.8184,30.0000,0
-40.2494,-77.7063,-3.4684,-1.8184,30.0000,0
-40.4945,-78.6757,-3.4837,-1.8184,30.0000,0
-40.7396,-79.6451,-3.4991,-1.8184,30.0000,0
-40.9846,-80.6144,-3.5144,-1.8184,30.0000,0
-41.2297,-81.5838,-3.5298,-1.8184,30.0000,0
-41.4747,-82.5532,-3.5451,-1.8184,30.0000,0
-41.7198,-83.5226,-3.5605,-1.8184,30.0000,0
-41.9649,-84.4920,-3.5758,-1.8184,30.0000,0
-42.2099,-85.4614,-3.5912,-1.8184,30.0000,0
-42.4550,-86.4308,-3.6065,-1.8184,30.0000,0
-42.7001,-87.4001,-3.6219,-1.8184,30.0000,0
-42.9451,-88.3695,-3.6372,-1.8184,30.0000,0
-43.1902,-89.3389,-3.6526,-1.8184,30.0000,0
-43.4353,-90.3083,-3.6679,-1.8184,30.0000,0
-43.6803,-91.2777,-3.6833,-1.8184,30.0000,0
-43.9254,-92.2471,-3.6986,-1.8184,30.0000,0
-44.1705,-93.2164,-3.7140,-1.8184,30.0000,0
-44.4155,-94.1858,-3.7294,-1.8184,30.0000,0
-44.6606,-95.1552,-3.7447,-1.8184,30.0000,0
-44.9057,-96.1246,-3.7601,-1.8184,30.0000,0
-45.1424,-97.0612,-3.7749,-1.8357,30.0000,0
-45.4042,-98.0262,-3.7854,-1.8357,30.0000,0
-45.6660,-98.9913,-3.7959,-1.8357,30.0000,0
-45.9277,-99.9564,-3.8064,-1.8357,30.0000,0
-46.1895,-100.9215,-3.8169,-1.8357,30.0000,0
-46.4513,-101.8865,-3.8274,-1.8357,30.0000,0
-46.7131,-102.8516,-3.8378,-1.8357,30.0000,0
-46.9748,-103.8167,-3.8483,-1.8357,30.0000,0
-47.2366,-104.7818,-3.8588,-1.8357,30.0000,0
-47.4984,-105.7468,-3.8693,-1.8357,30.0000,0
-47.7602,-106.7119,-3.8798,-1.8357,30.0000,0
-48.0219,-107.6770,-3.8903,-1.8357,30.0000,0
-48.2837,-108.6420,-3.9008,-1.8357,30.0000,0
-48.5455,-109.6071,-3.9113,-1.8357,30.0000,0
-48.8072,-110.5722,-3.9218,-1.8357,30.0000,0
-49.0690,-111.5373,-3.9323,-1.8357,30.0000,0
-49.3308,-112.5023,-3.9428,-1.8357,30.0000,0
-49.5926,-113.4674,-3.9533,-1.8357,30.0000,0
-49.8543,-114.4325,-3.9638,-1.8357,30.0000,0
-50.1161,-115.3976,-3.9743,-1.8357,30.0000,0
-50.3779,-116.3626,-3.9847,-1.8357,30.0000,0
-50.6397,-117.3277,-3.9952,-1.8357,30.0000,0
-50.9014,-118.2928,-4.0057,-1.8357,30.0000,0
-51.1632,-119.2578,-4.0162,-1.8357,30.0000,0
-51.4250,-120.2229,-4.0267,-1.8357,30.0000,0
-51.6867,-121.1880,-4.0372,-1.8357,30.0000,0
-51.9485,-122.1531,-4.0477,-1.8357,30.0000,0
-52.2103,-123.1181,-4.0582,-1.8357,30.0000,0
-52.4721,-124.0832,-4.0687,-1.8357,30.0000,0
-52.7338,-125.0483,-4.0792,-1.8357,30.0000,0
-52.9956,-126.0133,-4.0897,-1.8357,30.0000,0
-53.2574,-126.9784,-4.1002,-1.8357,30.0000,0
-53.5191,-127.9435,-4.1107,-1.8357,30.0000,0
-53.7809,-128.9086,-4.1212,-1.8357,30.0000,0
-54.0427,-129.8736,-4.1317,-1.8357,30.0000,0
-54.3045,-130.8387,-4.1421,-1.8357,30.0000,0
-54.5662,-131.8038,-4.1526,-1.8357,30.0000,0
-54.8280,-132.7689,-4.1631,-1.8357,30.0000,0
-55.0898,-133.7339,-4.1736,-1.8357,30.0000,0
-55.3516,-134.6990,-4.1841,-1.8357,30.0000,0
-55.6133,-135.6641,-4.1946,-1.8357,30.0000,0
-55.8751,-136.6291,-4.2051,-1.8357,30.0000,0
-56.1369,-137.5942,-4.2156,-1.8357,30.0000,0
-56.3986,-138.5593,-4.2261,-1.8357,30.0000,0
-56.6604,-139.5244,-4.2366,-1.8357,30.0000,0
-56.9222,-140.4894,-4.2471,-1.8357,30.0000,0
-57.1840,-141.4545,-4.2576,-1.8357,30.0000,0
-57.2738,-141.7856,-4.2612,-1.8290,30.0000,0
-57.5291,-142.7524,-4.2739,-1.8290,30.0000,0
-57.7843,-143.7192,-4.2866,-1.8290,30.0000,0
-58.0396,-144.6860,-4.2993,-1.8290,30.0000,0
-58.2949,-145.6528,-4.3120,-1.8290,30.0000,0
-58.5502,-146.6196,-4.3247,-1.8290,30.0000,0
-58.8055,-147.5863,-4.3374,-1.8290,30.0000,0
-59.0607,-148.5531,-4.3501,-1.8290,30.0000,0
-59.3160,-149.5199,-4.3627,-1.8290,30.0000,0
-59.5713,-150.4867,-4.3754,-1.8290,30.0000,0
-59.8266,-151.4535,-4.3881,-1.8290,30.0000,0
-60.0819,-152.4203,-4.4008,-1.8290,30.0000,0
-60.3371,-153.3870,-4.4135,-1.8290,30.0000,0
-60.5924,-154.3538,-4.4262,-1.8290,30.0000,0
-60.8477,-155.3206,-4.4389,-1.8290,30.0000,0
-61.1030,-156.2874,-4.4516,-1.8290,30.0000,0
-61.3583,-157.2542,-4.4643,-1.8290,30.0000,0
-61.6136,-158.2210,-4.4770,-1.8290,30.0000,0
-61.8688,-159.1877,-4.4897,-1.8290,30.0000,0
-62.1241,-160.1545,-4.5024,-1.8290,30.0000,0
-62.3794,-161.1213,-4.5151,-1.8290,30.0000,0
-62.6347,-162.0881,-4.5278,-1.8290,30.0000,0
-62.8900,-163.0549,-4.5405,-1.8290,30.0000,0
-63.1452,-164.0217,-4.5532,-1.8290,30.0000,0
-63.4005,-164.9884,-4.5659,-1.8290,30.0000,0
-63.6558,-165.9552,-4.5786,-1.8290,30.0000,0
-63.9111,-166.9220,-4.5913,-1.8290,30.0000,0
-64.1664,-167.8888,-4.6040,-1.8290,30.0000,0
-64.4216,-168.8556,-4.6167,-1.8290,30.0000,0
-64.6769,-169.8224,-4.6294,-1.8290,30.0000,0
-64.9322,-170.7891,-4.6421,-1.8290,30.0000,0
-65.1875,-171.7559,-4.6548,-1.8290,30.0000,0
-65.4428,-172.7227,-4.6675,-1.8290,30.0000,0
-65.6980,-173.6895,-4.6802,-1.8290,30.0000,0
-65.9533,-174.6563,-4.6929,-1.8290,30.0000,0
-66.2086,-175.6231,-4.7056,-1.8290,30.0000,0
-66.4639,-176.5898,-4.7183,-1.8290,30.0000,0
-66.7192,-177.5566,-4.7310,-1.8290,30.0000,0
-66.9744,-178.5234,-4.7437,-1.8290,30.0000,0
-67.2297,-179.4902,-4.7564,-1.8290,30.0000,0
-67.4850,-180.4570,-4.7691,-1.8290,30.0000,0
-67.7403,-181.4238,-4.7818,-1.8290,30.0000,0
-67.9956,-182.3905,-4.7944,-1.8290,30.0000,0
-68.2509,-183.3573,-4.8071,-1.8290,30.0000,0
-68.5061,-184.3241,-4.8198,-1.8290,30.0000,0
-68.7614,-185.2909,-4.8325,-1.8290,30.0000,0
-69.0167,-186.2577,-4.8452,-1.8290,30.0000,0
-69.2720,-187.2245,-4.8579,-1.8290,30.0000,0
-69.5273,-188.1912,-4.8706,-1.8290,30.0000,0
-69.7825,-189.1580,-4.8833,-1.8290,30.0000,0
-70.0378,-190.1248,-4.8960,-1.8290,30.0000,0
-70.2931,-191.0916,-4.9087,-1.8290,30.0000,0
-70.5484,-192.0584,-4.9214,-1.8290,30.0000,0
-70.8037,-193.0252,-4.9341,-1.8290,30.0000,0
-71.0589,-193.9919,-4.9468,-1.8290,30.0000,0
-71.1915,-194.4939,-4.9534,-1.8311,30.0000,0
-71.4488,-195.4600,-4.9712,-1.8311,30.0000,0
-71.7062,-196.4262,-4.9889,-1.8311,30.0000,0
-71.9636,-197.3923,-5.0067,-1.8311,30.0000,0
-72.2209,-198.3585,-5.0244,-1.8311,30.0000,0
-72.4783,-199.3246,-5.0422,-1.8311,30.0000,0
-72.7357,-200.2908,-5.0599,-1.8311,30.0000,0
-72.9930,-201.2569,-5.0777,-1.8311,30.0000,0
-73.2504,-202.2231,-5.0954,-1.8311,30.0000,0
-73.5077,-203.1892,-5.1132,-1.8311,30.0000,0
-73.7651,-204.1554,-5.1310,-1.8311,30.0000,0
-74.0225,-205.1215,-5.1487,-1.8311,30.0000,0
-74.2798,-206.0877,-5.1665,-1.8311,30.0000,0
-74.5372,-207.0538,-5.1842,-1.8311,30.0000,0
-74.7946,-208.0200,-5.2020,-1.8311,30.0000,0
-75.0519,-208.9861,-5.2197,-1.8311,30.0000,0
-75.3093,-209.9523,-5.2375,-1.8311,30.0000,0
-75.5666,-210.9184,-5.2552,-1.8311,30.0000,0
-75.8240,-211.8846,-5.2730,-1.8311,30.0000,0
-76.0814,-212.8507,-5.2907,-1.8311,30.0000,0
-76.3387,-213.8169,-5.3085,-1.8311,30.0000,0
-76.5961,-214.7830,-5.3263,-1.8311,30.0000,0
-76.8535,-215.7492,-5.3440,-1.8311,30.0000,0
-77.1108,-216.7153,-5.3618,-1.8311,30.0000,0
-77.3682,-217.6815,-5.3795,-1.8311,30.0000,0
-77.6255,-218.6476,-5.3973,-1.8311,30.0000,0
-77.8829,-219.6138,-5.4150,-1.8311,30.0000,0
-78.1403,-220.5800,-5.4328,-1.8311,30.0000,0
-78.3976,-221.5461,-5.4505,-1.8311,30.0000,0
-78.6550,-222.5123,-5.4683,-1.8311,30.0000,0
-78.9124,-223.4784,-5.4861,-1.8311,30.0000,0
-79.1697,-224.4446,-5.5038,-1.8311,30.0000,0
-79.4271,-225.4107,-5.5216,-1.8311,30.0000,0
-79.6845,-226.3769,-5.5393,-1.8311,30.0000,0
-79.9418,-227.3430,-5.5571,-1.8311,30.0000,0
-80.1992,-228.3092,-5.5748,-1.8311,30.0000,0
-80.4565,-229.2753,-5.5926,-1.8311,30.0000,0
-80.7139,-230.2415,-5.6103,-1.8311,30.0000,0
-80.9713,-231.2076,-5.6281,-1.8311,30.0000,0
-81.2286,-232.1738,-5.6459,-1.8311,30.0000,0
-81.4860,-233.1399,-5.6636,-1.8311,30.0000,0
-81.7434,-234.1061,-5.6814,-1.8311,30.0000,0
-82.0007,-235.0722,-5.6991,-1.8311,30.0000,0
-82.2581,-236.0384,-5.7169,-1.8311,30.0000,0
-82.5154,-237.0045,-5.7346,-1.8311,30.0000,0
-82.7728,-237.9707,-5.7524,-1.8311,30.0000,0
-83.0302,-238.9368,-5.7701,-1.8311,30.0000,0
-83.2875,-239.9030,-5.7879,-1.8311,30.0000,0
-83.5449,-240.8691,-5.8056,-1.8311,30.0000,0
-83.8023,-241.8353,-5.8234,-1.8311,30.0000,0
-84.0596,-242.8014,-5.8412,-1.8311,30.0000,0
-84.3170,-243.7676,-5.8589,-1.8311,30.0000,0
-84.5744,-244.7337,-5.8767,-1.8311,30.0000,0
-84.8317,-245.6999,-5.8944,-1.8311,30.0000,0
-85.0891,-246.6660,-5.9122,-1.8311,30.0000,0
-85.3464,-247.6322,-5.9299,-1.8311,30.0000,0
-85.6038,-248.5984,-5.9477,-1.8311,30.0000,0
-85.8612,-249.5645,-5.9654,-1.8311,30.0000,0
-86.1185,-250.5307,-5.9832,-1.8311,30.0000,0
-86.3759,-251.4968,-6.0010,-1.8311,30.0000,0
-86.6333,-252.4630,-6.0187,-1.8311,30.0000,0
-86.8906,-253.4291,-6.0365,-1.8311,30.0000,0
-87.1480,-254.3953,-6.0542,-1.8311,30.0000,0
-87.4053,-255.3614,-6.0720,-1.8311,30.0000,0
-87.6627,-256.3276,-6.0897,-1.8311,30.0000,0
-87.9201,-257.2937,-6.1075,-1.8311,30.0000,0
-88.1036,-257.9825,-6.1201,-1.8269,30.0000,0
-88.3568,-258.9498,-6.1380,-1.8269,30.0000,0
-88.6101,-259.9170,-6.1558,-1.8269,30.0000,0
-88.8634,-260.8842,-6.1737,-1.8269,30.0000,0
-89.1166,-261.8515,-6.1915,-1.8269,30.0000,0
-89.3699,-262.8187,-6.2094,-1.8269,30.0000,0
-89.6232,-263.7859,-6.2272,-1.8269,30.0000,0
-89.8764,-264.7532,-6.2451,-1.8269,30.0000,0
-90.1297,-265.7204,-6.2629,-1.8269,30.0000,0
-90.3830,-266.6876,-6.2808,-1.8269,30.0000,0
-90.6362,-267.6549,-6.2986,-1.8269,30.0000,0
-90.8895,-268.6221,-6.3165,-1.8269,30.0000,0
-91.1428,-269.5893,-6.3343,-1.8269,30.0000,0
-91.3960,-270.5565,-6.3522,-1.8269,30.0000,0
-91.6493,-271.5238,-6.3700,-1.8269,30.0000,0
-91.9026,-272.4910,-6.3879,-1.8269,30.0000,0
-92.1558,-273.4582,-6.4057,-1.8269,30.0000,0
-92.4091,-274.4255,-6.4236,-1.8269,30.0000,0
-92.6624,-275.3927,-6.4414,-1.8269,30.0000,0
-92.9156,-276.3599,-6.4593,-1.8269,30.0000,0
-93.1689,-277.3272,-6.4771,-1.8269,30.0000,0
-93.4222,-278.2944,-6.4950,-1.8269,30.0000,0
-93.6754,-279.2616,-6.5128,-1.8269,30.0000,0
-93.9287,-280.2289,-6.5307,-1.8269,30.0000,0
-94.1820,-281.1961,-6.5485,-1.8269,30.0000,0
-94.4352,-282.1633,-6.5664,-1.8269,30.0000,0
-94.6885,-283.1306,-6.5842,-1.8269,30.0000,0
-94.9418,-284.0978,-6.6021,-1.8269,30.0000,0
-95.1950,-285.0650,-6.6199,-1.8269,30.0000,0
-95.4483,-286.0323,-6.6378,-1.8269,30.0000,0
-95.7016,-286.9995,-6.6556,-1.8269,30.0000,0
-95.9548,-287.9667,-6.6735,-1.8269,30.0000,0
-96.2081,-288.9340,-6.6913,-1.8269,30.0000,0
-96.4614,-289.9012,-6.7092,-1.8269,30.0000,0
-96.7146,-290.8684,-6.7270,-1.8269,30.0000,0
-96.9679,-291.8356,-6.7449,-1.8269,30.0000,0
-97.2212,-292.8029,-6.7627,-1.8269,30.0000,0
-97.4744,-293.7701,-6.7806,-1.8269,30.0000,0
-97.7277,-294.7373,-6.7984,-1.8269,30.0000,0
-97.9810,-295.7046,-6.8163,-1.8269,30.0000,0
-98.2342,-296.6718,-6.8341,-1.8269,30.0000,0
-98.4875,-297.6390,-6.8520,-1.8269,30.0000,0
-98.7408,-298.6063,-6.8698,-1.8269,30.0000,0
-98.9940,-299.5735,-6.8877,-1.8269,30.0000,0
-99.0816,-299.9079,-6.8939,-1.8474,30.0000,0
-99.3547,-300.8698,-6.9066,-1.8474,30.0000,0
-99.6277,-301.8317,-6.9193,-1.8474,30.0000,0
-99.9008,-302.7936,-6.9320,-1.8474,30.0000,0
-100.1739,-303.7555,-6.9447,-1.8474,30.0000,0
-100.4469,-304.7174,-6.9574,-1.8474,30.0000,0
-100.7200,-305.6793,-6.9701,-1.8474,30.0000,0
-100.9931,-306.6413,-6.9828,-1.8474,30.0000,0
-101.2661,-307.6032,-6.9955,-1.8474,30.0000,0
-101.5392,-308.5651,-7.0082,-1.8474,30.0000,0
-101.8123,-309.5270,-7.0210,-1.8474,30.0000,0
-102.0853,-310.4889,-7.0337,-1.8474,30.0000,0
-102.3584,-311.4508,-7.0464,-1.8474,30.0000,0
-102.6315,-312.4127,-7.0591,-1.8474,30.0000,0
-102.9045,-313.3746,-7.0718,-1.8474,20.0000,0
-103.1776,-314.3365,-7.0845,-1.8474,20.0000,0
-103.4507,-315.2985,-7.0972,-1.8474,20.0000,0
-103.7237,-316.2604,-7.1099,-1.8474,20.0000,0
-103.9968,-317.2223,-7.1226,-1.8474,20.0000,0
-104.2699,-318.1842,-7.1353,-1.8474,20.0000,0
-104.5429,-319.1461,-7.1481,-1.8474,20.0000,0
-104.8160,-320.1080,-7.1608,-1.8474,20.0000,0
-105.0891,-321.0699,-7.1735,-1.8474,20.0000,0
-105.3621,-322.0318,-7.1862,-1.8474,20.0000,0
-105.4359,-322.2919,-7.1896,-1.4810,30.0000,0
-105.3463,-323.2877,-7.2051,-1.4810,30.0000,0
-105.2567,-324.2836,-7.2206,-1.4810,30.0000,0
-105.1671,-325.2794,-7.2360,-1.4810,30.0000,0
-105.0774,-326.2753,-7.2515,-1.4810,30.0000,0
-104.9878,-327.2711,-7.2670,-1.4810,30.0000,0
-104.8982,-328.2670,-7.2824,-1.4810,30.0000,0
-104.8085,-329.2629,-7.2979,-1.4810,30.0000,0
-104.7189,-330.2587,-7.3134,-1.4810,30.0000,0
-104.6293,-331.2546,-7.3288,-1.4810,30.0000,0
-104.5560,-332.0689,-7.3415,-0.8789,30.0000,0
-103.9181,-332.8388,-7.3562,-0.8789,30.0000,0
-103.2801,-333.6088,-7.3708,-0.8789,30.0000,0
-102.6422,-334.3787,-7.3855,-0.8789,30.0000,0
-102.0043,-335.1487,-7.4002,-0.8789,30.0000,0
-101.3663,-335.9186,-7.4149,-0.8789,30.0000,0
-101.1078,-336.2307,-7.4208,-0.5962,30.0000,0
-100.2804,-336.7922,-7.4291,-0.5962,30.0000,0
-99.4529,-337.3537,-7.4374,-0.5962,30.0000,0
-98.6255,-337.9152,-7.4456,-0.5962,30.0000,0
-97.7981,-338.4768,-7.4539,-0.5962,30.0000,0
-97.7784,-338.4901,-7.4541,-0.2403,30.0000,0
-96.8071,-338.7282,-7.4580,-0.2403,30.0000,0
-95.8359,-338.9662,-7.4619,-0.2403,30.0000,0
-94.8646,-339.2042,-7.4658,-0.2403,30.0000,0
-93.8934,-339.4423,-7.4697,-0.2403,30.0000,0
-92.9221,-339.6803,-7.4736,-0.2403,30.0000,0
-91.9509,-339.9183,-7.4775,-0.2403,30.0000,0
-90.9796,-340.1563,-7.4814,-0.2403,30.0000,0
-90.0084,-340.3944,-7.4853,-0.2403,30.0000,0
-89.0371,-340.6324,-7.4892,-0.2403,30.0000,0
-88.0659,-340.8704,-7.4931,-0.2403,30.0000,0
-87.0946,-341.1084,-7.4970,-0.2403,30.0000,0
-86.1234,-341.3465,-7.5009,-0.2403,30.0000,0
-85.1521,-341.5845,-7.5048,-0.2403,30.0000,0
-84.1809,-341.8225,-7.5087,-0.2403,30.0000,0
-83.2096,-342.0605,-7.5126,-0.2403,30.0000,0
-82.2384,-342.2986,-7.5165,-0.2403,30.0000,0
-81.2671,-342.5366,-7.5204,-0.2403,30.0000,0
-80.2959,-342.7746,-7.5243,-0.2403,30.0000,0
-79.8223,-342.8907,-7.5262,-0.2357,30.0000,0
-78.8500,-343.1242,-7.5276,-0.2357,30.0000,0
-77.8776,-343.3577,-7.5289,-0.2357,30.0000,0
-76.9053,-343.5912,-7.5303,-0.2357,30.0000,0
-75.9329,-343.8247,-7.5317,-0.2357,30.0000,0
-74.9606,-344.0583,-7.5331,-0.2357,30.0000,0
-73.9882,-344.2918,-7.5345,-0.2357,30.0000,0
-73.0159,-344.5253,-7.5358,-0.2357,30.0000,0
-72.0435,-344.7588,-7.5372,-0.2357,30.0000,0
-71.0712,-344.9923,-7.5386,-0.2357,30.0000,0
-70.0988,-345.2258,-7.5400,-0.2357,30.0000,0
-69.1265,-345.4594,-7.5413,-0.2357,30.0000,0
-68.1541,-345.6929,-7.5427,-0.2357,30.0000,0
-67.1818,-345.9264,-7.5441,-0.2357,30.0000,0
-66.2094,-346.1599,-7.5455,-0.2357,30.0000,0
-65.2371,-346.3934,-7.5469,-0.2357,30.0000,0
-64.2647,-346.6269,-7.5482,-0.2357,30.0000,0
-63.2924,-346.8605,-7.5496,-0.2357,30.0000,0
-62.3200,-347.0940,-7.5510,-0.2357,30.0000,0
-61.3477,-347.3275,-7.5524,-0.2357,30.0000,0
-60.3753,-347.5610,-7.5538,-0.2357,30.0000,0
-59.4030,-347.7945,-7.5551,-0.2357,30.0000,0
-58.4306,-348.0280,-7.5565,-0.2357,30.0000,0
-57.4583,-348.2616,-7.5579,-0.2357,30.0000,0
-56.4859,-348.4951,-7.5593,-0.2357,30.0000,0
-55.5136,-348.7286,-7.5607,-0.2357,29.0000,0
-54.5412,-348.9621,-7.5620,-0.2357,29.0000,0
-53.5689,-349.1956,-7.5634,-0.2357,29.0000,0
-52.5965,-349.4292,-7.5648,-0.2357,29.0000,0
-51.6241,-349.6627,-7.5662,-0.2357,29.0000,0
-50.6518,-349.8962,-7.5676,-0.2357,29.0000,0
-49.6794,-350.1297,-7.5689,-0.2357,30.0000,0
-48.7071,-350.3632,-7.5703,-0.2357,30.0000,0
-47.7347,-350.5967,-7.5717,-0.2357,30.0000,0
-46.7624,-350.8303,-7.5731,-0.2357,30.0000,0
-46.6437,-350.8588,-7.5732,-0.1203,30.0000,0
-45.6509,-350.9788,-7.5721,-0.1203,30.0000,0
-44.6581,-351.0988,-7.5710,-0.1203,30.0000,0
-43.9375,-351.1859,-7.5701,0.1938,30.0000,0
-42.9563,-350.9933,-7.5615,0.1938,29.0000,0
-41.9750,-350.8007,-7.5529,0.1938,29.0000,0
-40.9938,-350.6081,-7.5442,0.1938,29.0000,0
-40.0126,-350.4154,-7.5356,0.1938,29.0000,0
-39.0313,-350.2228,-7.5269,0.1938,29.0000,0
-38.0501,-350.0302,-7.5183,0.1938,29.0000,0
-37.8746,-349.9957,-7.5167,0.5207,29.0000,0
-37.0074,-349.4984,-7.5389,0.5207,29.0000,0
-36.1401,-349.0010,-7.5611,0.5207,29.0000,0
-35.2728,-348.5037,-7.5833,0.5207,29.0000,0
-34.4056,-348.0063,-7.6055,0.5207,29.0000,0
-33.5383,-347.5089,-7.6277,0.5207,29.0000,0
-32.6710,-347.0116,-7.6499,0.5207,29.0000,0
-32.2803,-346.7875,-7.6599,1.2891,29.0000,0
-32.0025,-345.8273,-7.6331,1.2891,29.0000,0
-31.7246,-344.8670,-7.6063,1.2891,29.0000,0
-31.4467,-343.9068,-7.5795,1.2891,29.0000,0
-31.1688,-342.9465,-7.5527,1.2891,29.0000,0
-30.8910,-341.9863,-7.5260,1.2891,29.0000,0
-30.6131,-341.0261,-7.4992,1.2891,29.0000,0
-30.3352,-340.0658,-7.4724,1.2891,29.0000,0
-30.0573,-339.1056,-7.4456,1.2891,18.0000,0
-29.7794,-338.1453,-7.4189,1.2891,18.0000,0
-29.5016,-337.1851,-7.3921,1.2891,18.0000,0
-29.2237,-336.2248,-7.3653,1.2891,18.0000,0
-28.9458,-335.2646,-7.3385,1.2891,18.0000,0
-28.6679,-334.3044,-7.3117,1.2891,18.0000,0
-28.3901,-333.3441,-7.2850,1.2891,18.0000,0
-28.2535,-332.8723,-7.2718,2.3402,18.0000,0
-28.9492,-332.1540,-7.2587,2.3402,18.0000,0
-29.6448,-331.4357,-7.2457,2.3402,18.0000,0
-30.3404,-330.7175,-7.2326,2.3402,18.0000,0
-31.0361,-329.9992,-7.2196,2.3402,18.0000,0
-31.7317,-329.2809,-7.2065,2.3402,18.0000,0
-32.4273,-328.5626,-7.1935,2.3402,18.0000,0
-33.1230,-327.8444,-7.1804,2.3402,18.0000,0
-33.8186,-327.1261,-7.1673,2.3402,18.0000,0
-34.5142,-326.4078,-7.1543,2.3402,18.0000,0
-35.2099,-325.6895,-7.1412,2.3402,18.0000,0
-35.3911,-325.5024,-7.1378,2.9078,18.0000,0
-36.3639,-325.2707,-7.1407,2.9078,18.0000,0
-37.3367,-325.0391,-7.1435,2.9078,19.0000,0
-38.3095,-324.8074,-7.1464,2.9078,19.0000,0
-39.2823,-324.5758,-7.1492,2.9078,19.0000,0
-40.2551,-324.3441,-7.1521,2.9078,19.0000,0
-41.2279,-324.1125,-7.1550,2.9078,19.0000,0
-42.2007,-323.8808,-7.1578,2.9078,19.0000,0
-43.1735,-323.6491,-7.1607,2.9078,19.0000,0
-44.1463,-323.4175,-7.1635,2.9078,19.0000,0
-45.1191,-323.1858,-7.1664,2.9078,19.0000,0
-46.0918,-322.9542,-7.1693,2.9078,19.0000,0
-47.0646,-322.7225,-7.1721,2.9078,19.0000,0
-48.0374,-322.4909,-7.1750,2.9078,19.0000,0
-49.0102,-322.2592,-7.1778,2.9078,19.0000,0
-49.9830,-322.0276,-7.1807,2.9078,19.0000,0
-50.9558,-321.7959,-7.1836,2.9078,19.0000,0
-51.9286,-321.5642,-7.1864,2.9078,19.0000,0
-52.9014,-321.3326,-7.1893,2.9078,19.0000,0
-53.8742,-321.1009,-7.1921,2.9078,19.0000,0
-54.8470,-320.8693,-7.1950,2.9078,19.0000,0
-55.8198,-320.6376,-7.1979,2.9078,19.0000,0
-56.7926,-320.4060,-7.2007,2.9078,19.0000,0
-57.7654,-320.1743,-7.2036,2.9078,19.0000,0
-58.7382,-319.9426,-7.2064,2.9078,19.0000,0
-59.7110,-319.7110,-7.2093,2.9078,19.0000,0
-60.6837,-319.4793,-7.2121,2.9078,19.0000,0
-61.6565,-319.2477,-7.2150,2.9078,19.0000,0
-62.6293,-319.0160,-7.2179,2.9078,19.0000,0
-72.01893333,-307.9761667,-7.0281,1.335,19.0,0
-71.78533333,-307.0039667,-7.0131,1.335,19.0,0
-71.55183333,-306.0316667,-6.9981,1.335,19.0,0
-71.31823333,-305.0594667,-6.983,1.335,19.0,0
-71.08473333,-304.0872667,-6.968,1.335,19.0,0
-70.85113333,-303.1149667,-6.953,1.335,19.0,0
-70.61763333,-302.1427667,-6.938,1.335,19.0,0
-70.38413333,-301.1705667,-6.923,1.335,19.0,0
-70.10.0053333,-300.1982667,-6.908,1.335,19.0,0
-69.91703333,-299.2260667,-6.8929,1.335,19.0,0
-69.68343333,-298.2538667,-6.8779,1.335,19.0,0
-69.44993333,-297.2816667,-6.8629,1.335,19.0,0
-68.2537,-283.2276,-6.7159,1.4207,19.0000,0
-68.1043,-282.2396,-6.6776,1.4207,19.0000,0
-67.9549,-281.2516,-6.6392,1.4207,19.0000,0
-67.8056,-280.2635,-6.6008,1.4207,19.0000,0
-67.6562,-279.2755,-6.5624,1.4207,19.0000,0
-67.5068,-278.2875,-6.5241,1.4207,15.0000,0
-67.3574,-277.2994,-6.4857,1.4207,15.0000,0
-67.3022,-276.9341,-6.4715,2.3137,15.0000,0
-67.9786,-276.1977,-6.4619,2.3137,15.0000,0
-68.6551,-275.4612,-6.4523,2.3137,15.0000,0
-69.3315,-274.7248,-6.4427,2.3137,15.0000,0
-70.0079,-273.9883,-6.4331,2.3137,15.0000,0
-70.6843,-273.2519,-6.4235,2.3137,15.0000,0
-71.3608,-272.5154,-6.4138,2.3137,15.0000,0
-72.0372,-271.7790,-6.4042,2.3137,15.0000,0
-72.6468,-271.1152,-6.3956,2.8004,15.0000,0
-73.5892,-270.7806,-6.3864,2.8004,15.0000,0
-74.5315,-270.4460,-6.3772,2.8004,15.0000,0
-75.4738,-270.1114,-6.3680,2.8004,15.0000,0
-76.4161,-269.7768,-6.3588,2.8004,15.0000,0
-77.3584,-269.4422,-6.3496,2.8004,15.0000,0
-78.3007,-269.1076,-6.3404,2.8004,15.0000,0
-79.2430,-268.7730,-6.3312,2.8004,15.0000,0
-80.1853,-268.4384,-6.3220,2.8004,15.0000,0
-81.1277,-268.1038,-6.3127,2.8004,15.0000,0
-81.6722,-267.9104,-6.3074,2.4302,15.0000,0
-82.4296,-267.2576,-6.2906,2.4302,15.0000,0
-83.1870,-266.6049,-6.2737,2.4302,15.0000,0
-83.9443,-265.9521,-6.2569,2.4302,15.0000,0
-84.7017,-265.2993,-6.2400,2.4302,15.0000,0
-85.1148,-264.9433,-6.2308,1.3351,15.0000,0
-84.8813,-263.9711,-6.2125,1.3351,15.0000,0
-84.6478,-262.9989,-6.1942,1.3351,15.0000,0
-84.4143,-262.0268,-6.1758,1.3351,15.0000,0
-84.1807,-261.0546,-6.1575,1.3351,15.0000,0
-83.9472,-260.0824,-6.1392,1.3351,15.0000,0
-83.7137,-259.1102,-6.1208,1.3351,15.0000,0
-83.4802,-258.1380,-6.1025,1.3351,15.0000,0
-83.2467,-257.1658,-6.0841,1.3351,15.0000,0
-83.0132,-256.1937,-6.0658,1.3351,30.0000,0
-82.7797,-255.2215,-6.0475,1.3351,30.0000,0
-82.5462,-254.2493,-6.0291,1.3351,30.0000,0
-82.3127,-253.2771,-6.0108,1.3351,30.0000,0
-82.0791,-252.3049,-5.9925,1.3351,30.0000,0
-81.8456,-251.3328,-5.9741,1.3351,30.0000,0
-81.6121,-250.3606,-5.9558,1.3351,30.0000,0
-81.3786,-249.3884,-5.9375,1.3351,30.0000,0
-81.1451,-248.4162,-5.9191,1.3351,30.0000,0
-80.9116,-247.4440,-5.9008,1.3351,30.0000,0
-80.6781,-246.4719,-5.8825,1.3351,30.0000,0
-80.4446,-245.4997,-5.8641,1.3351,30.0000,0
-80.2111,-244.5275,-5.8458,1.3351,30.0000,0
-80.1992,-244.4781,-5.8449,1.3128,30.0000,0
-79.9441,-243.5114,-5.8267,1.3128,30.0000,0
-79.6891,-242.5446,-5.8086,1.3128,30.0000,0
-79.4340,-241.5779,-5.7904,1.3128,30.0000,0
-79.1789,-240.6111,-5.7723,1.3128,30.0000,0
-78.9238,-239.6444,-5.7541,1.3128,30.0000,0
-78.6688,-238.6776,-5.7360,1.3128,30.0000,0
-78.4137,-237.7109,-5.7178,1.3128,30.0000,0
-78.1586,-236.7441,-5.6997,1.3128,30.0000,0
-77.9035,-235.7774,-5.6815,1.3128,30.0000,0
-77.6485,-234.8106,-5.6634,1.3128,30.0000,0
-77.3934,-233.8439,-5.6452,1.3128,30.0000,0
-77.1383,-232.8771,-5.6271,1.3128,30.0000,0
-76.8832,-231.9104,-5.6089,1.3128,30.0000,0
-76.6282,-230.9436,-5.5908,1.3128,30.0000,0
-76.3731,-229.9769,-5.5727,1.3128,30.0000,0
-76.1180,-229.0101,-5.5545,1.3128,30.0000,0
-75.8629,-228.0434,-5.5364,1.3128,30.0000,0
-75.6079,-227.0766,-5.5182,1.3128,30.0000,0
-75.3528,-226.1099,-5.5001,1.3128,30.0000,0
-75.0977,-225.1431,-5.4819,1.3128,30.0000,0
-74.8426,-224.1764,-5.4638,1.3128,30.0000,0
-74.5876,-223.2096,-5.4456,1.3128,30.0000,0
-74.5192,-222.9507,-5.4408,1.3101,30.0000,0
-74.2615,-221.9846,-5.4248,1.3101,30.0000,0
-74.0038,-221.0185,-5.4089,1.3101,30.0000,0
-73.7460,-220.0524,-5.3929,1.3101,30.0000,0
-73.4883,-219.0863,-5.3770,1.3101,30.0000,0
-73.2306,-218.1203,-5.3611,1.3101,30.0000,0
-72.9728,-217.1542,-5.3451,1.3101,30.0000,0
-72.7151,-216.1881,-5.3292,1.3101,30.0000,0
-72.4573,-215.2220,-5.3133,1.3101,30.0000,0
-72.1996,-214.2559,-5.2973,1.3101,30.0000,0
-71.9419,-213.2898,-5.2814,1.3101,30.0000,0
-71.6841,-212.3238,-5.2655,1.3101,30.0000,0
-71.4264,-211.3577,-5.2495,1.3101,30.0000,0
-71.1687,-210.3916,-5.2336,1.3101,30.0000,0
-70.9109,-209.4255,-5.2177,1.3101,30.0000,0
-70.6532,-208.4594,-5.2017,1.3101,30.0000,0
-70.3954,-207.4933,-5.1858,1.3101,30.0000,0
-70.1377,-206.5273,-5.1698,1.3101,30.0000,0
-69.8800,-205.5612,-5.1539,1.3101,30.0000,0
-69.6222,-204.5951,-5.1380,1.3101,30.0000,0
-69.5563,-204.3480,-5.1339,1.3145,30.0000,0
-69.3029,-203.3807,-5.1192,1.3145,30.0000,0
-69.0494,-202.4135,-5.1045,1.3145,30.0000,0
-68.7960,-201.4462,-5.0898,1.3145,30.0000,0
-68.5426,-200.4790,-5.0751,1.3145,30.0000,0
-68.2891,-199.5118,-5.0604,1.3145,30.0000,0
-68.0357,-198.5445,-5.0457,1.3145,30.0000,0
-67.7823,-197.5773,-5.0310,1.3145,30.0000,0
-67.5288,-196.6100,-5.0164,1.3145,30.0000,0
-67.2754,-195.6428,-5.0017,1.3145,30.0000,0
-67.0220,-194.6755,-4.9870,1.3145,30.0000,0
-66.7685,-193.7083,-4.9723,1.3145,30.0000,0
-66.5151,-192.7411,-4.9576,1.3145,30.0000,0
-66.2617,-191.7738,-4.9429,1.3145,30.0000,0
-66.0082,-190.8066,-4.9282,1.3145,30.0000,0
-65.7548,-189.8393,-4.9135,1.3145,30.0000,0
-65.5014,-188.8721,-4.8988,1.3145,30.0000,0
-65.2479,-187.9049,-4.8841,1.3145,30.0000,0
-64.9945,-186.9376,-4.8694,1.3145,30.0000,0
-64.7411,-185.9704,-4.8547,1.3145,30.0000,0
-64.4876,-185.0031,-4.8400,1.3145,30.0000,0
-64.2342,-184.0359,-4.8253,1.3145,30.0000,0
-63.9808,-183.0686,-4.8107,1.3145,30.0000,0
-63.7273,-182.1014,-4.7960,1.3145,30.0000,0
-63.4739,-181.1342,-4.7813,1.3145,30.0000,0
-63.2205,-180.1669,-4.7666,1.3145,30.0000,0
-62.9670,-179.1997,-4.7519,1.3145,30.0000,0
-62.7136,-178.2324,-4.7372,1.3145,30.0000,0
-62.4602,-177.2652,-4.7225,1.3145,30.0000,0
-62.2067,-176.2980,-4.7078,1.3145,30.0000,0
-61.9533,-175.3307,-4.6931,1.3145,30.0000,0
-61.6999,-174.3635,-4.6784,1.3145,30.0000,0
-61.6301,-174.0971,-4.6744,1.3161,30.0000,0
-61.3782,-173.1295,-4.6628,1.3161,30.0000,0
-61.1263,-172.1618,-4.6511,1.3161,30.0000,0
-60.8744,-171.1941,-4.6395,1.3161,30.0000,0
-60.6225,-170.2264,-4.6279,1.3161,30.0000,0
-60.3706,-169.2587,-4.6163,1.3161,30.0000,0
-60.1187,-168.2910,-4.6046,1.3161,30.0000,0
-59.8668,-167.3234,-4.5930,1.3161,30.0000,0
-59.6149,-166.3557,-4.5814,1.3161,30.0000,0
-59.3630,-165.3880,-4.5698,1.3161,30.0000,0
-59.1111,-164.4203,-4.5582,1.3161,30.0000,0
-58.8592,-163.4526,-4.5465,1.3161,30.0000,0
-58.6073,-162.4849,-4.5349,1.3161,30.0000,0
-58.3554,-161.5173,-4.5233,1.3161,30.0000,0
-58.1035,-160.5496,-4.5117,1.3161,30.0000,0
-57.8516,-159.5819,-4.5000,1.3161,30.0000,0
-57.5997,-158.6142,-4.4884,1.3161,30.0000,0
-57.3478,-157.6465,-4.4768,1.3161,30.0000,0
-57.0959,-156.6788,-4.4652,1.3161,30.0000,0
-56.8440,-155.7112,-4.4536,1.3161,30.0000,0
-56.5921,-154.7435,-4.4419,1.3161,30.0000,0
-56.3402,-153.7758,-4.4303,1.3161,30.0000,0
-56.0883,-152.8081,-4.4187,1.3161,30.0000,0
-56.0706,-152.7401,-4.4179,1.3113,30.0000,0
-55.8140,-151.7737,-4.4061,1.3113,30.0000,0
-55.5574,-150.8072,-4.3944,1.3113,30.0000,0
-55.3008,-149.8408,-4.3827,1.3113,30.0000,0
-55.0442,-148.8743,-4.3710,1.3113,30.0000,0
-54.7876,-147.9079,-4.3592,1.3113,30.0000,0
-54.5310,-146.9415,-4.3475,1.3113,30.0000,0
-54.2744,-145.9750,-4.3358,1.3113,30.0000,0
-54.0178,-145.0086,-4.3241,1.3113,30.0000,0
-53.7612,-144.0421,-4.3123,1.3113,30.0000,0
-53.5046,-143.0757,-4.3006,1.3113,30.0000,0
-53.2479,-142.1092,-4.2889,1.3113,30.0000,0
-52.9913,-141.1428,-4.2772,1.3113,30.0000,0
-52.7347,-140.1763,-4.2654,1.3113,30.0000,0
-52.4781,-139.2099,-4.2537,1.3113,30.0000,0
-52.2215,-138.2435,-4.2420,1.3113,30.0000,0
-51.9649,-137.2770,-4.2303,1.3113,30.0000,0
-51.7083,-136.3106,-4.2186,1.3113,30.0000,0
-51.4517,-135.3441,-4.2068,1.3113,30.0000,0
-51.1951,-134.3777,-4.1951,1.3113,30.0000,0
-50.9385,-133.4112,-4.1834,1.3113,30.0000,0
-50.6819,-132.4448,-4.1717,1.3113,30.0000,0
-50.4253,-131.4783,-4.1599,1.3113,30.0000,0
-50.1687,-130.5119,-4.1482,1.3113,30.0000,0
-49.9121,-129.5455,-4.1365,1.3113,30.0000,0
-49.6554,-128.5790,-4.1248,1.3113,30.0000,0
-49.5835,-128.3079,-4.1215,1.3158,30.0000,0
-49.3312,-127.3403,-4.1115,1.3158,30.0000,0
-49.0790,-126.3727,-4.1016,1.3158,30.0000,0
-48.8268,-125.4051,-4.0917,1.3158,30.0000,0
-48.5745,-124.4374,-4.0817,1.3158,30.0000,0
-48.3223,-123.4698,-4.0718,1.3158,30.0000,0
-48.0700,-122.5022,-4.0618,1.3158,30.0000,0
-47.8178,-121.5346,-4.0519,1.3158,30.0000,0
-47.5656,-120.5670,-4.0420,1.3158,30.0000,0
-47.3133,-119.5994,-4.0320,1.3158,30.0000,0
-47.0611,-118.6318,-4.0221,1.3158,30.0000,0
-46.8089,-117.6641,-4.0122,1.3158,30.0000,0
-46.5566,-116.6965,-4.0022,1.3158,30.0000,0
-46.3044,-115.7289,-3.9923,1.3158,30.0000,0
-46.0522,-114.7613,-3.9824,1.3158,30.0000,0
-45.7999,-113.7937,-3.9724,1.3158,30.0000,0
-45.5477,-112.8261,-3.9625,1.3158,30.0000,0
-45.2955,-111.8585,-3.9525,1.3158,30.0000,0
-45.0432,-110.8908,-3.9426,1.3158,30.0000,0
-44.7910,-109.9232,-3.9327,1.3158,30.0000,0
-44.5387,-108.9556,-3.9227,1.3158,30.0000,0
-44.2865,-107.9880,-3.9128,1.3158,30.0000,0
-44.0343,-107.0204,-3.9029,1.3158,30.0000,0
-43.7820,-106.0528,-3.8929,1.3158,30.0000,0
-43.5298,-105.0851,-3.8830,1.3158,30.0000,0
-43.4554,-104.7998,-3.8801,1.3168,30.0000,0
-43.2042,-103.8320,-3.8656,1.3168,30.0000,0
-42.9529,-102.8642,-3.8511,1.3168,30.0000,0
-42.7016,-101.8964,-3.8365,1.3168,30.0000,0
-42.4504,-100.9286,-3.8220,1.3168,30.0000,0
-42.1991,-99.9608,-3.8075,1.3168,30.0000,0
-41.9479,-98.9930,-3.7930,1.3168,30.0000,0
-41.6966,-98.0252,-3.7785,1.3168,30.0000,0
-41.4453,-97.0574,-3.7640,1.3168,30.0000,0
-41.1941,-96.0895,-3.7495,1.3168,30.0000,0
-40.9428,-95.1217,-3.7350,1.3168,30.0000,0
-40.6915,-94.1539,-3.7205,1.3168,30.0000,0
-40.4403,-93.1861,-3.7060,1.3168,30.0000,0
-40.1890,-92.2183,-3.6915,1.3168,30.0000,0
-39.9377,-91.2505,-3.6770,1.3168,30.0000,0
-39.6865,-90.2827,-3.6625,1.3168,30.0000,0
-39.4352,-89.3149,-3.6480,1.3168,30.0000,0
-39.1840,-88.3471,-3.6335,1.3168,30.0000,0
-38.9327,-87.3793,-3.6190,1.3168,30.0000,0
-38.6814,-86.4114,-3.6045,1.3168,30.0000,0
-38.4302,-85.4436,-3.5900,1.3168,30.0000,0
-38.1789,-84.4758,-3.5755,1.3168,30.0000,0
-37.9276,-83.5080,-3.5610,1.3168,30.0000,0
-37.6764,-82.5402,-3.5465,1.3168,30.0000,0
-37.4251,-81.5724,-3.5320,1.3168,30.0000,0
-37.1739,-80.6046,-3.5175,1.3168,30.0000,0
-36.9226,-79.6368,-3.5030,1.3168,30.0000,0
-36.6713,-78.6690,-3.4885,1.3168,30.0000,0
-36.4201,-77.7011,-3.4740,1.3168,30.0000,0
-36.1688,-76.7333,-3.4595,1.3168,30.0000,0
-35.9175,-75.7655,-3.4450,1.3168,30.0000,0
-35.6663,-74.7977,-3.4305,1.3168,30.0000,0
-35.5405,-74.3134,-3.4232,1.3074,30.0000,0
-35.2802,-73.3480,-3.4089,1.3074,30.0000,0
-35.0198,-72.3826,-3.3946,1.3074,30.0000,0
-34.7595,-71.4172,-3.3803,1.3074,30.0000,0
-34.4991,-70.4518,-3.3660,1.3074,30.0000,0
-34.2387,-69.4864,-3.3517,1.3074,30.0000,0
-33.9784,-68.5210,-3.3374,1.3074,30.0000,0
-33.7180,-67.5555,-3.3231,1.3074,30.0000,0
-33.4577,-66.5901,-3.3088,1.3074,30.0000,0
-33.1973,-65.6247,-3.2945,1.3074,30.0000,0
-32.9369,-64.6593,-3.2802,1.3074,30.0000,0
-32.6766,-63.6939,-3.2659,1.3074,30.0000,0
-32.4162,-62.7285,-3.2516,1.3074,30.0000,0
-32.1559,-61.7631,-3.2373,1.3074,30.0000,0
-31.8955,-60.7977,-3.2230,1.3074,30.0000,0
-31.6351,-59.8323,-3.2087,1.3074,30.0000,0
-31.3748,-58.8669,-3.1944,1.3074,30.0000,0
-31.1144,-57.9015,-3.1801,1.3074,30.0000,0
-30.8541,-56.9361,-3.1658,1.3074,30.0000,0
-30.5937,-55.9707,-3.1515,1.3074,30.0000,0
-30.3333,-55.0053,-3.1372,1.3074,30.0000,0
-30.2297,-54.6211,-3.1315,1.6189,30.0000,0
-30.2778,-53.6225,-3.1123,1.6189,30.0000,0
-30.3259,-52.6238,-3.0931,1.6189,30.0000,0
-30.3740,-51.6251,-3.0739,1.6189,30.0000,0
-30.4221,-50.6265,-3.0547,1.6189,30.0000,0
-30.4702,-49.6278,-3.0355,1.6189,30.0000,0
-30.5184,-48.6292,-3.0163,1.6189,30.0000,0
-30.5665,-47.6305,-2.9971,1.6189,30.0000,0
-30.6146,-46.6318,-2.9779,1.6189,30.0000,0
-30.6627,-45.6332,-2.9587,1.6189,30.0000,0
-30.7108,-44.6345,-2.9395,1.6189,30.0000,0
-30.7589,-43.6359,-2.9203,1.6189,30.0000,0
-30.8070,-42.6372,-2.9011,1.6189,30.0000,0
-30.8309,-42.1403,-2.8915,1.3042,30.0000,0
-30.5675,-41.1758,-2.8741,1.3042,30.0000,0
-30.3041,-40.2113,-2.8567,1.3042,30.0000,0
-30.0407,-39.2467,-2.8393,1.3042,30.0000,0
-29.7774,-38.2822,-2.8219,1.3042,30.0000,0
-29.5140,-37.3177,-2.8045,1.3042,30.0000,0
-29.2506,-36.3531,-2.7871,1.3042,30.0000,0
-28.9872,-35.3886,-2.7697,1.3042,30.0000,0
-28.7238,-34.4241,-2.7523,1.3042,30.0000,0
-28.4604,-33.4595,-2.7349,1.3042,30.0000,0
-28.1970,-32.4950,-2.7175,1.3042,30.0000,0
-27.9336,-31.5305,-2.7000,1.3042,30.0000,0
-27.6703,-30.5659,-2.6826,1.3042,30.0000,0
-27.4069,-29.6014,-2.6652,1.3042,30.0000,0
-27.1435,-28.6369,-2.6478,1.3042,30.0000,0
-26.8801,-27.6723,-2.6304,1.3042,30.0000,0
-26.6167,-26.7078,-2.6130,1.3042,30.0000,0
-26.3533,-25.7433,-2.5956,1.3042,30.0000,0
-26.0899,-24.7787,-2.5782,1.3042,30.0000,0
-25.8265,-23.8142,-2.5608,1.3042,30.0000,0
-25.5632,-22.8497,-2.5434,1.3042,30.0000,0
-25.2998,-21.8851,-2.5260,1.3042,30.0000,0
-25.0364,-20.9206,-2.5086,1.3042,30.0000,0
-24.7730,-19.9561,-2.4911,1.3042,30.0000,0
-24.5096,-18.9915,-2.4737,1.3042,30.0000,0
-24.2462,-18.0270,-2.4563,1.3042,30.0000,0
-24.0907,-17.4574,-2.4460,1.2392,30.0000,0
-23.7651,-16.5120,-2.4306,1.2392,30.0000,0
-23.4396,-15.5666,-2.4152,1.2392,30.0000,0
-23.1141,-14.6212,-2.3999,1.2392,30.0000,0
-22.7885,-13.6758,-2.3845,1.2392,30.0000,0
-22.4630,-12.7304,-2.3691,1.2392,30.0000,0
-22.1375,-11.7850,-2.3537,1.2392,30.0000,0
-21.8119,-10.8396,-2.3383,1.2392,30.0000,0
-21.4864,-9.8942,-2.3229,1.2392,30.0000,0
-21.1608,-8.9488,-2.3075,1.2392,30.0000,0
-20.8353,-8.0034,-2.2921,1.2392,30.0000,0
-20.5098,-7.0580,-2.2767,1.2392,30.0000,0
-20.1842,-6.1126,-2.2613,1.2392,30.0000,0
-19.8587,-5.1672,-2.2459,1.2392,30.0000,0
-19.5332,-4.2218,-2.2305,1.2392,30.0000,0
-19.2076,-3.2764,-2.2151,1.2392,30.0000,0
-18.8821,-2.3309,-2.1997,1.2392,30.0000,0
-18.5565,-1.3855,-2.1843,1.2392,30.0000,0
-18.2310,-0.4401,-2.1689,1.2392,30.0000,0
-17.9055,0.5053,-2.1535,1.2392,30.0000,0
-17.5799,1.4507,-2.1381,1.2392,30.0000,0
-17.2544,2.3961,-2.1227,1.2392,30.0000,0
-16.9289,3.3415,-2.1073,1.2392,30.0000,0
-16.6033,4.2869,-2.0919,1.2392,30.0000,0
-16.2778,5.2323,-2.0765,1.2392,30.0000,0
-15.9522,6.1777,-2.0611,1.2392,30.0000,0
-15.6267,7.1231,-2.0457,1.2392,30.0000,0
-15.3012,8.0685,-2.0303,1.2392,30.0000,0
-14.9756,9.0139,-2.0149,1.2392,30.0000,0
-14.6501,9.9593,-1.9995,1.2392,30.0000,0
-14.4248,10.6136,-1.9888,1.2367,30.0000,0
-14.0969,11.5582,-1.9735,1.2367,30.0000,0
-13.7691,12.5028,-1.9582,1.2367,30.0000,0
-13.4412,13.4474,-1.9428,1.2367,30.0000,0
-13.1133,14.3920,-1.9275,1.2367,30.0000,0
-12.7855,15.3366,-1.9122,1.2367,30.0000,0
-12.4576,16.2812,-1.8968,1.2367,30.0000,0
-12.1298,17.2258,-1.8815,1.2367,30.0000,0
-11.8019,18.1704,-1.8662,1.2367,30.0000,0
-11.4740,19.1150,-1.8509,1.2367,30.0000,0
-11.1462,20.0596,-1.8355,1.2367,30.0000,0
-10.8183,21.0042,-1.8202,1.2367,30.0000,0
-10.4904,21.9488,-1.8049,1.2367,30.0000,0
-10.1626,22.8934,-1.7895,1.2367,30.0000,0
-9.8347,23.8380,-1.7742,1.2367,30.0000,0
-9.5068,24.7826,-1.7589,1.2367,30.0000,0
-9.1790,25.7272,-1.7435,1.2367,30.0000,0
-8.8511,26.6718,-1.7282,1.2367,30.0000,0
-8.5233,27.6164,-1.7129,1.2367,30.0000,0
-8.1954,28.5610,-1.6975,1.2367,30.0000,0
-8.1655,28.6470,-1.6961,1.3124,30.0000,0
-7.9101,29.6135,-1.6711,1.3124,30.0000,0
-7.6546,30.5800,-1.6460,1.3124,30.0000,0
-7.3991,31.5465,-1.6210,1.3124,30.0000,0
-7.1436,32.5130,-1.5959,1.3124,30.0000,0
-6.8881,33.4795,-1.5709,1.3124,30.0000,0
-6.6326,34.4460,-1.5458,1.3124,30.0000,0
-6.3772,35.4124,-1.5208,1.3124,30.0000,0
-6.1217,36.3789,-1.4957,1.3124,30.0000,0
-5.8662,37.3454,-1.4707,1.3124,30.0000,0
-5.6107,38.3119,-1.4457,1.3124,30.0000,0
-5.3552,39.2784,-1.4206,1.3124,30.0000,0
-5.0998,40.2449,-1.3956,1.3124,30.0000,0
-4.8443,41.2114,-1.3705,1.3124,30.0000,0
-4.5888,42.1779,-1.3455,1.3124,30.0000,0
-4.3333,43.1444,-1.3204,1.3124,30.0000,0
-4.0778,44.1108,-1.2954,1.3124,30.0000,0
-3.8224,45.0773,-1.2703,1.3124,30.0000,0
-3.5669,46.0438,-1.2453,1.3124,30.0000,0
-3.3114,47.0103,-1.2202,1.3124,30.0000,0
-3.0559,47.9768,-1.1952,1.3124,30.0000,0
-2.8004,48.9433,-1.1701,1.3124,30.0000,0
-2.5450,49.9098,-1.1451,1.3124,30.0000,0
-2.2895,50.8763,-1.1200,1.3124,30.0000,0
-2.0340,51.8428,-1.0950,1.3124,30.0000,0
-1.7785,52.8093,-1.0699,1.3124,30.0000,0
-1.6288,53.3757,-1.0552,1.3124,30.0000,0